,id,legal_judgment_num,brand_num,patent_num,other_SUM,other_NULL_SUM,label
0,f000950527a6feb608dd9322b74a99f60851207f36a3c94c,1.0,,,1.0,2,0
1,d8071a739aa75a3b9f23966f8dae78fd226c272515b9c255,2.0,,,2.0,2,1
2,216bd2aaf4d079242209b1496f81a36c7abed9dd0bb65ed3,,1.0,,1.0,2,0
3,e9f7b28ec10e0470de9631c789f49acdd4e7cf9ed6db094b,,2.0,,2.0,2,0
4,f000950527a6feb6c0ab37e6eb4a4bf25ee20f0ff9ff070d,,1.0,,1.0,2,0
5,82750f1b9d1223506c304585e5f7ad7928810dc983b86b31,,1.0,,1.0,2,0
6,d8071a739aa75a3bc42a2c5242f2397861fa33d6cc700d1c,,3.0,,3.0,2,0
7,f000950527a6feb6b018bff1819a0605429820fa2072b0d6,1.0,,,1.0,2,0
8,59b38c56de38368391bec049f23801f60e875733011c2a1b,6.0,,,6.0,2,1
9,f000950527a6feb6abf416594bb1f7470a2dfc05306efac3,,3.0,,3.0,2,0
10,f000950527a6feb68b2de1c0fb54cf2919d4029742a7a1c4,1.0,,,1.0,2,0
11,216bd2aaf4d0792477d874113d0a23613888ba52f31dfe2a,,1.0,,1.0,2,0
12,e9f7b28ec10e0470d21aa86436d886023637b37d4b3e94a2,,23.0,,23.0,2,0
13,f000950527a6feb68f92f714638e43b8c7bb85f2a1fcc631,,16.0,,16.0,2,0
14,f000950527a6feb6a910c086edfe43b53c469ce19f24bc1f,2.0,1.0,,3.0,1,0
15,f000950527a6feb60d98fe51cf38846ebf074c561a7b5d28,2.0,2.0,,4.0,1,0
16,216bd2aaf4d0792496791f99c798fdad2b3b441701be03c2,,1.0,,1.0,2,0
17,f000950527a6feb641366f1b7ea19bf0ece362eab11326e9,,,21.0,21.0,2,0
18,f000950527a6feb63837cba9eb06ef53fcb936ace7e8526a,,1.0,,1.0,2,0
19,4a8fc4f3fb4d8a0f65bf8522bf08d5403c0ce06237afee58,1.0,,,1.0,2,0
20,e9f7b28ec10e04708cf1cc7451ba3008f9232249d39aaa3f,23.0,,,23.0,2,1
21,f000950527a6feb6a3e5db12921603ab7f44bcfd265bd5b1,6.0,,13.0,19.0,1,0
22,f000950527a6feb680b60037d9fe53ff85b087616391ea25,,1.0,101.0,102.0,1,0
23,e9f7b28ec10e04708dd007320afd4d5d0a478147c382ae7f,,26.0,,26.0,2,0
24,f000950527a6feb62c2e14ebbbc3f4156477700c8d8d9989,1.0,,,1.0,2,0
25,e9f7b28ec10e04709824507f10644b9cff0be2426a67706c,,,6.0,6.0,2,0
26,f000950527a6feb6d31ea19841be3257957cfe4af8a02b21,5.0,,,5.0,2,0
27,e9f7b28ec10e0470ba957e507133bfd03ff4fd49926766b8,,3.0,,3.0,2,0
28,d8071a739aa75a3b2259d09c69d198c4893a1bb0148ea1d5,,,18.0,18.0,2,0
29,f000950527a6feb6d3f6c61cf36aedb574069da3d2b45582,,15.0,99.0,114.0,1,0
30,d8071a739aa75a3b91978970bf283fb96e0c06d08f3d4c79,,,13.0,13.0,2,0
31,59b38c56de3836834dd90f833617549fd66d09d2ea3952d0,,1.0,,1.0,2,0
32,f000950527a6feb66d0448b0d4a7af95a4d4e4c8eb350f43,2.0,,,2.0,2,0
33,d8071a739aa75a3b0d0baef68ccca70c2c94f1ad9a1ed7a0,,3.0,,3.0,2,0
34,82750f1b9d1223501516842969a7e441b327199c9000ffde,2.0,,,2.0,2,0
35,82750f1b9d1223503ecc6ee10078ae4387e30e3ba38f78b2,,6.0,,6.0,2,0
36,216bd2aaf4d07924ba3b8c46d63f5ce6597b2b6355c5cc32,,168.0,,168.0,2,0
37,216bd2aaf4d079245c638bf14e902d367c778bb6838a111a,,2.0,,2.0,2,0
38,f000950527a6feb6d279b1521a961598c6b64770e523bc8f,,,1.0,1.0,2,1
39,d8071a739aa75a3b93b4ffae2379c1164326cc1566add79e,,417.0,,417.0,2,0
40,d8071a739aa75a3b97a4fb53823447902549fb71fa3c241d,,1.0,,1.0,2,0
41,f000950527a6feb69f121c96dd76aeb43d0cf40bd3742264,,3.0,,3.0,2,0
42,f000950527a6feb6e1d62837b316886edd329d32e4c98ce8,,1.0,2.0,3.0,1,0
43,f000950527a6feb6617847250aed77a4f974b110c2e5f2da,7.0,,,7.0,2,0
44,f000950527a6feb6e37644fd41470c3b2d5aaaeb67ee4cfc,2.0,60.0,29.0,91.0,0,0
45,f000950527a6feb62d929c78f7963ba317a926419cb78189,,4.0,,4.0,2,0
46,d8071a739aa75a3bf5e0f0feb07d3617979c7a7cf587058e,,,51.0,51.0,2,0
47,f000950527a6feb6a9a752cf612e974f1d73b61f1fb1babb,,3.0,,3.0,2,0
48,216bd2aaf4d07924ce19d145286eeb0e40ec928391e6951f,,207.0,,207.0,2,0
49,f000950527a6feb64b575ae539e0163e0e68f13f3dc9808e,2.0,,,2.0,2,0
50,e9f7b28ec10e0470384cc209a9061f171d9a8f86aa9ce8f3,1.0,,,1.0,2,0
51,e9f7b28ec10e0470c7f2b256066759b19b4b9c4253c96564,40.0,,,40.0,2,1
52,f000950527a6feb61d2b8189744a3d75c350def2b4a8da53,1.0,,,1.0,2,1
53,f000950527a6feb68c5ce4f507099e3ad9de22593c74ce7c,1.0,,,1.0,2,0
54,d8071a739aa75a3bd4f4d4242a80a286d33e05aea18c61b5,1.0,,,1.0,2,0
55,f000950527a6feb61b5af6252f456f997809f3365aaad4ed,,1.0,,1.0,2,0
56,f000950527a6feb6ada0c9f910f2b82ae9c4389d3ba65199,,21.0,,21.0,2,0
57,175ebe5f059ec0503eb86987a7b6da7c40c6e69d5b54736f,4.0,1.0,,5.0,1,0
58,f000950527a6feb66a405d5dd194f93d0d504520df2d942f,,1.0,,1.0,2,0
59,f000950527a6feb6f8462e72db37601f390ef4c6a24964e6,,3.0,,3.0,2,1
60,f000950527a6feb6f1af40f19dc70d6b9d390ab5311b4d72,,4.0,,4.0,2,0
61,f000950527a6feb6107acb26b44e586ca5f50d47aeecbea2,,7.0,10.0,17.0,1,0
62,47645761dc56bb8ca07f2a26c8f66557201f40b8ee099c45,,12.0,,12.0,2,0
63,f000950527a6feb6c5779fff5818968b31167659c46ddc59,1.0,10.0,2.0,13.0,0,0
64,0ba26b418aa50d3ca37396f2819750892b17f0dce3d7493c,,6.0,,6.0,2,0
65,59b38c56de383683377ad4d9990c38fe44298e64d0408f62,,2.0,,2.0,2,0
66,f000950527a6feb6ed89f90dafe3dd65b8886081d48b18ad,12.0,,,12.0,2,0
67,d8071a739aa75a3b61449b21986d0dcf62347ffa979310a3,,10.0,,10.0,2,0
68,f000950527a6feb606cb0280d73e410d7f5d8ca0963cc6c0,,1.0,27.0,28.0,1,0
69,f000950527a6feb6365605f051eb79ba424818d34ff0ea69,,2.0,,2.0,2,0
70,f000950527a6feb687ae9437a2634b0123e94c80be64adbe,29.0,1.0,,30.0,1,0
71,d8071a739aa75a3b868e47ac860169d35c12f2dd06c0ee1a,,3.0,,3.0,2,0
72,f000950527a6feb6b84424f6124072dc46f7072f4eaf7b40,1.0,,,1.0,2,0
73,f000950527a6feb6f3dd26c60a9518f8a6e2117702c5cae9,,,180.0,180.0,2,0
74,d8071a739aa75a3b9392e8986b55a5c95ce7dcd4d3c56cda,2.0,,,2.0,2,0
75,e9f7b28ec10e0470eb00dc9aa79bbaaab9a238f8c7fa8222,,3.0,,3.0,2,1
76,f000950527a6feb65146f8175d797743a0c75e5a2f6f8920,24.0,,,24.0,2,0
77,47645761dc56bb8c547e989c4e10ca1cffb30978eb872a42,,1.0,,1.0,2,0
78,f000950527a6feb6426a3d8061391e354358d826b47e297f,5.0,1.0,127.0,133.0,0,0
79,d8071a739aa75a3ba5a19efc63464f23bfa222380b66d3bd,,,1.0,1.0,2,0
80,59b38c56de3836833dad55e2333e01449230320be6de7afd,,2.0,,2.0,2,0
81,d8071a739aa75a3b1cf0c4c2dd34dc48798e49636736a460,3.0,,,3.0,2,0
82,f000950527a6feb62337c37c033b5254239a39fbcf7f7755,,2.0,,2.0,2,0
83,f000950527a6feb655f92d1d8b1e58a781822601ede3de6b,17.0,,,17.0,2,1
84,59b38c56de3836831e3b1ea9468edff74c45bd5f54076731,,1.0,,1.0,2,0
85,e9f7b28ec10e04701f6bdbd8c483681adddaa3dca44d6d6b,3.0,1.0,,4.0,1,1
86,ed38190adf12fcebc935deb2cb69b0f63e7c964b04a9000b,94.0,,,94.0,2,0
87,f000950527a6feb6ebe5db06a6b050c82e66e9738e60a187,1.0,,,1.0,2,1
88,e9f7b28ec10e04700cd2abc05aefdcdb17c82720892c632e,,,4.0,4.0,2,0
89,d8071a739aa75a3b1d1024c04790575880b0ca53231f0a18,135.0,,,135.0,2,1
90,f000950527a6feb64461bfdfeb1664521bc14b5b5c58ebdd,1.0,,,1.0,2,0
91,a147e47c30e8c3af40846e03f1b07ff54d8991f2dcc0a9e2,3.0,24.0,23.0,50.0,0,0
92,f000950527a6feb62120b6effe43705647703a94299d5412,28.0,,,28.0,2,1
93,d8071a739aa75a3b19238b5b78dcf002f0a38fd30c34f473,,5.0,,5.0,2,0
94,f000950527a6feb67ec7226b556bf4a290f13b5a0f314ba2,4.0,,,4.0,2,0
95,d8071a739aa75a3bc883b3dd64c3081ac45cc6ed959f5559,,2.0,1.0,3.0,1,0
96,d8071a739aa75a3b1e463dfe4fc836ed85ca3c080ddfe27c,,,23.0,23.0,2,0
97,f000950527a6feb6bebc22321acacd8fa4c13fe6f995b035,,3.0,,3.0,2,0
98,e9f7b28ec10e0470536190acad53070405ecaa2aa8e25ee8,,1.0,,1.0,2,0
99,f000950527a6feb693137908dcdae476786c1f255fb0a879,2.0,8.0,6.0,16.0,0,0
100,f000950527a6feb6d16e58ed26a28307c8637d49215b3eb7,12.0,,,12.0,2,0
101,f000950527a6feb6a26b99dacb70ebad5fbb75690b296f62,,1.0,4.0,5.0,1,0
102,f000950527a6feb6190865ff8df4d76f18db89d6b06c54b1,2.0,,79.0,81.0,1,0
103,f000950527a6feb675e7b7451f76a7dc232d85e6f83c85ce,13.0,1.0,,14.0,1,0
104,59b38c56de3836832346ecba880327a3bba641d86fa591a2,,1.0,,1.0,2,0
105,d8071a739aa75a3bb74108e10779b8282b9fc1753004b4ce,,,30.0,30.0,2,0
106,f000950527a6feb644cd521c066bd7cceca3eb5903fb6fa9,26.0,,,26.0,2,0
107,f000950527a6feb63e00bb9cf04ce6e4dac4748b9d47007d,,199.0,,199.0,2,0
108,d8071a739aa75a3b93ebab4cbfd97b40b8a51967e11da727,,1.0,,1.0,2,0
109,e9f7b28ec10e04703415f0a139bb057352742388d98d7d46,1.0,,,1.0,2,0
110,f000950527a6feb6696ba0e73c6927a31fb99b6b91315d5a,1.0,2.0,,3.0,1,0
111,f000950527a6feb621bb3f5a28f830488ef6e4262194a67d,1.0,10.0,,11.0,1,1
112,82750f1b9d12235024a2a4c39d73cd768fab03f9209d5d1c,,,65.0,65.0,2,0
113,d8071a739aa75a3b6da17bf69565ede3b7445a942a5437ab,,1.0,,1.0,2,1
114,d8071a739aa75a3b7a198fe026092cd4d98aa6023a9f2b79,56.0,,,56.0,2,0
115,f000950527a6feb6cfa6c938f905584178f2e458ef562733,20.0,,,20.0,2,0
116,f000950527a6feb6c0db441978864a6a0f04668a61d0bab6,,37.0,5.0,42.0,1,0
117,f000950527a6feb6dfd2b0a1b72c3784a6d1761a4ee6b440,20.0,,,20.0,2,0
118,d8071a739aa75a3bb47761a3c6a3258fcf69894c202a3248,1.0,,,1.0,2,0
119,82750f1b9d122350e6bba27a1eeffb5b043635b5b98e9fdf,,1.0,,1.0,2,0
120,f000950527a6feb6cb91bcaf790f4b8da12e8f4898163798,,3.0,,3.0,2,0
121,82750f1b9d122350b2823d14412d6719eb9be09d2a8b07c6,,,23.0,23.0,2,0
122,216bd2aaf4d079241d4c0266ce22d18c1e61deb81e74fac1,,2.0,6.0,8.0,1,0
123,47e3664e12f3ce748d200a604608a92de943f004ad9bf13d,,,11.0,11.0,2,0
124,d8071a739aa75a3b66fdc8553eca442b95413c0c0049a9f7,,2.0,,2.0,2,0
125,e9f7b28ec10e0470b02d9b08bf07cc168bcc07b9c52008ef,5.0,,,5.0,2,0
126,f000950527a6feb67f77c2f3fe7ec2358daffbc98bdcadef,,1.0,,1.0,2,0
127,d8071a739aa75a3b26544886dcd9d0b6e80e18fec4247219,,4.0,,4.0,2,0
128,d8071a739aa75a3bbc7429400cb9889ba8651576e86b2a86,,,4.0,4.0,2,0
129,216bd2aaf4d079249ad2298b38ec8056bda7ff6dc842416d,,4.0,,4.0,2,0
130,f000950527a6feb656cea97b002e489baa49588e10b4bbd4,3.0,,,3.0,2,0
131,f000950527a6feb64c00865f4c87c539aff5b3c8b02ea3c3,10.0,,,10.0,2,0
132,d8071a739aa75a3b806b25a4b13f1c7f52e317c2d6339ebd,,5.0,,5.0,2,0
133,f000950527a6feb6a282fb10f81fd6a53f6abcf819f64b2f,,13.0,,13.0,2,0
134,f000950527a6feb671b76745561a6b9e7e158039a78b39a3,1.0,,,1.0,2,0
135,d8071a739aa75a3bdde8590defd6a48238713b0214a732b6,1.0,,,1.0,2,0
136,d8071a739aa75a3be0ba0b33d7261276e6226d20b087375e,,1.0,,1.0,2,0
137,d8071a739aa75a3b31236bd41e58d0054410fe3deedfb11b,,391.0,,391.0,2,0
138,f000950527a6feb61ce53a67fa45240219aa17511227ce16,6.0,4.0,,10.0,1,0
139,f000950527a6feb6b1b519a989210e58a470a9364dee47e8,,4.0,,4.0,2,0
140,f000950527a6feb62dce8351c5100beefd80b5472312b002,12.0,6.0,,18.0,1,0
141,d8071a739aa75a3b8910e0326a523e634e1123df21af32f3,5.0,,,5.0,2,0
142,216bd2aaf4d07924382db8db02d1a5dd21c31c7da29659a7,,2.0,,2.0,2,0
143,d8071a739aa75a3b2be4700bb2307513a708b69637bd82e2,,,44.0,44.0,2,0
144,216bd2aaf4d07924c0859b54fd75d232b9f338bb1782af37,,3.0,,3.0,2,0
145,f000950527a6feb610ba2f7ce1f8f27af214e09c4e641cab,,1.0,,1.0,2,0
146,82750f1b9d1223504ee32a317ed2cd6c39fdbcadc694b23f,,,40.0,40.0,2,0
147,f000950527a6feb6d5fca32d3aa5a935ce8ac891c0498234,,1.0,5.0,6.0,1,0
148,f000950527a6feb65bf19daea7e9996b33c77a6c7c612181,,1.0,,1.0,2,0
149,216bd2aaf4d079246428871dc4d813d6da0320fbaa87dd7f,,84.0,,84.0,2,0
150,f000950527a6feb6bbccdfe49637f347e0185e401b2ddb97,,,54.0,54.0,2,0
151,82750f1b9d122350a0b2d0a7869b0786e29a8bba2a5a4da0,,,65.0,65.0,2,0
152,516ab81418ed215d04609620e04ab3fbd0696ac485a3fea4,,1.0,,1.0,2,0
153,f000950527a6feb6edc61280117e8560fb2da76ec03936dc,4.0,,,4.0,2,1
154,d8071a739aa75a3b33aa4a19d58bfd7bdb93e6afca101e8b,5.0,,,5.0,2,0
155,f000950527a6feb6de04baeb79d2b37625537f6c3ea5c5c9,,2.0,,2.0,2,0
156,f000950527a6feb6c50d307270db84a089b06ad268533d27,1.0,,,1.0,2,0
157,516ab81418ed215d0f2d59d93e96bff2d54eb87ae420f585,,,1.0,1.0,2,0
158,d8071a739aa75a3bb867ce1e3cbaff79f5f223929018e9a6,,4.0,,4.0,2,0
159,f000950527a6feb6fe8f4850e9eb04e8ba3fa3b409725ef3,1.0,,,1.0,2,1
160,f000950527a6feb67ee96ccb582934c1ee0c9780c186646c,,1.0,,1.0,2,0
161,d8071a739aa75a3b51191a28afad510ae2d3fe04041744f5,,2.0,9.0,11.0,1,0
162,82750f1b9d1223501eaebd872f8777e6169350c57ad66713,,,41.0,41.0,2,0
163,f000950527a6feb6b660919413094e38146d92ee38ab985a,,2.0,,2.0,2,0
164,59b38c56de383683b1be7c957d17960fe3514c23beb64448,,2.0,,2.0,2,0
165,f000950527a6feb612494066fde67107e6483ba74353221a,,,23.0,23.0,2,0
166,f000950527a6feb66bb5f9acffdcb3e8e6c329c7a1e39ebc,7.0,,,7.0,2,0
167,f000950527a6feb67cb9d351f44610b0038746fa8232a69d,,,57.0,57.0,2,0
168,f000950527a6feb622347bed30bce72131a70c8b62cbaf92,5.0,,,5.0,2,1
169,216bd2aaf4d079247b38cc2c628746ea4c73ed310f3b30ad,,2.0,,2.0,2,0
170,f000950527a6feb6e2980fb556130fac88a5460211d75fb1,,313.0,,313.0,2,0
171,f000950527a6feb673e7b0214e9288e205c2aa2c8c4f7811,,,15.0,15.0,2,0
172,d8071a739aa75a3bdd5368e0dfe513f70729117a89a53467,,,13.0,13.0,2,0
173,f000950527a6feb6474a66a807a8eae904be1e38def06b81,,,13.0,13.0,2,0
174,f000950527a6feb6b58a7a948c4883045730773eaa1dac61,,3.0,,3.0,2,0
175,d8071a739aa75a3b7544cd05ded5677c22d2914c818388b1,,8.0,,8.0,2,0
176,f000950527a6feb6e6849b389cc45217d2c0503e4c82dbdd,,,1.0,1.0,2,0
177,f000950527a6feb6e8ec5c4f1d17375da5caa27f6b828c6a,22.0,,,22.0,2,0
178,d8071a739aa75a3b734edbd2e931c9bbd92adb48f56770ec,2.0,,,2.0,2,0
179,f000950527a6feb6351d2b50149b39e570d7d90db4d7935b,3.0,,,3.0,2,1
180,e9f7b28ec10e04707586e146cafda53e4c46c561bfb4d79e,1.0,,,1.0,2,0
181,d8071a739aa75a3bffc20310ba745d8c81ffff9c1e535890,,1.0,,1.0,2,0
182,f000950527a6feb6d96451cc45df27594c44ab429bb8180f,,1.0,,1.0,2,0
183,f000950527a6feb6b151cd3ee24602f2b180a783f192ced9,,,16.0,16.0,2,0
184,f000950527a6feb6dd272957bd59fda84934d88a96d30966,6.0,4.0,,10.0,1,0
185,f000950527a6feb6bad198e28856abfdffc339470dfe4321,,1.0,,1.0,2,0
186,f000950527a6feb63863a66efed900db80600da981159650,,2.0,,2.0,2,0
187,d8071a739aa75a3b19e0e210fd86e42b82e744efa61793a2,,1.0,,1.0,2,0
188,f000950527a6feb6a876c167f45e75fc12f5140e055c9ffb,2.0,,,2.0,2,1
189,47645761dc56bb8cad1441504294003877b46ae467a0510a,,3.0,,3.0,2,0
190,216bd2aaf4d079246dc7ef74f188142ee35be37482afc3f0,,136.0,,136.0,2,0
191,f000950527a6feb67686b6319372deb8e76e919c5ff262f7,68.0,11.0,,79.0,1,0
192,59b38c56de383683a7ac4246a5618f08e1299ccef8054e9f,,2.0,,2.0,2,0
193,f000950527a6feb69bbcd6f366b0a7a843fd60d1761fc85e,28.0,,,28.0,2,0
194,f000950527a6feb67be1c0d8bd30ddc0ce368ae1c90cc10e,,4.0,,4.0,2,0
195,47e3664e12f3ce74ab35df2481b7b688b15b0c7cb0b11e3e,154.0,,,154.0,2,0
196,f000950527a6feb6c1589b03ab31b2a865cce7d62c5f6584,1.0,7.0,,8.0,1,1
197,e9f7b28ec10e0470cbf491dc9691e6389717b9f6cda44eb0,2.0,,,2.0,2,0
198,516ab81418ed215ddc2f559f54ae460aa771aecf0a280208,,1.0,,1.0,2,0
199,f000950527a6feb6cc3a15e64baf9294c7b900119333b24f,,,50.0,50.0,2,0
200,f000950527a6feb6a20cdf2873279d35193f35f5c05faa9b,,2.0,3.0,5.0,1,0
201,216bd2aaf4d079245c151c1910d03ed2a9d562e092dc939a,,1.0,,1.0,2,0
202,59b38c56de383683ef791458c85b279ea70f79c23feade2e,,1.0,,1.0,2,0
203,e9f7b28ec10e04700ada07b2c28fbaec7d76529613d8cde2,36.0,1.0,,37.0,1,1
204,59b38c56de3836831bce5874eeab9e7cbf599fadf22cfc06,8.0,,,8.0,2,1
205,f000950527a6feb62769b9a2314d14034d356fef85f073e6,,,2.0,2.0,2,1
206,e9f7b28ec10e04705539147e540ad702ad121b013e5e182a,17.0,,,17.0,2,1
207,d8071a739aa75a3bb629e005968aa533e9d3497232a0047a,,1.0,,1.0,2,0
208,d8071a739aa75a3b106f478566f2d4b513854c4322644905,,1.0,,1.0,2,0
209,59b38c56de38368387b444fe62525350a3acf61ebc1e0ab8,,1.0,,1.0,2,0
210,82750f1b9d12235034edf4912255b106ad0fc5a388dc467c,5.0,,,5.0,2,0
211,f000950527a6feb68a2da9dfbbea474046ff0cf559a30a06,,,1.0,1.0,2,0
212,59b38c56de383683ca4a95c8365137406a275af87c140119,1.0,,,1.0,2,1
213,f000950527a6feb60401912c664d0763cb4b3525f628458a,1.0,4.0,2.0,7.0,0,0
214,f000950527a6feb6858dc98df2c751d2935152e1dae32356,,413.0,,413.0,2,0
215,f000950527a6feb6f57149e766a3579e28d972e1f1d4ea21,,1.0,,1.0,2,1
216,f000950527a6feb6066330e2e905d6e9a5358e2ea78ed39a,1.0,9.0,,10.0,1,0
217,47645761dc56bb8cbae778c848671312d479b531b3d22e8c,58.0,,,58.0,2,1
218,f000950527a6feb630292c490f0f8a470314b074304d883d,,2.0,,2.0,2,0
219,e9f7b28ec10e047001d25b7951fdcedc40827b371fa21137,4.0,1.0,,5.0,1,1
220,82750f1b9d122350ea068d9de5a9c92e941772486750e8b8,4.0,,,4.0,2,0
221,f000950527a6feb61494b1389acdac8bfff78b2309f410dd,1.0,,,1.0,2,0
222,f000950527a6feb693d5545aa4986ff643b63342c3f9b130,11.0,,,11.0,2,0
223,f000950527a6feb6bc68e84ab24d8af646bcb30f2e97e1c8,109.0,,,109.0,2,0
224,82750f1b9d12235071166f3438db5a379d9fae71cebde036,,,4.0,4.0,2,0
225,47645761dc56bb8c046253564b4976f46f0d9a85cf59cf87,,,2.0,2.0,2,0
226,216bd2aaf4d07924c99a4fb7ff96d0b642f08e07488ebd3f,,11.0,,11.0,2,0
227,f000950527a6feb6047402d2f590e05051bfd7ab42dc382d,5.0,,,5.0,2,0
228,f000950527a6feb6cffedb80a271e8516246dcc1045931f0,,,13.0,13.0,2,0
229,d8071a739aa75a3b25e360ed7ac44a09b2a2877f3d38afcf,,1.0,,1.0,2,0
230,d8071a739aa75a3b6fc09225c04334dca71690758e6b8b90,13.0,,,13.0,2,0
231,216bd2aaf4d07924339becb2497d5c1623bdb546c2a2940d,,,8.0,8.0,2,0
232,59b38c56de3836834e76fa8e25930d3444794adcea2f6aa3,,1.0,,1.0,2,0
233,82750f1b9d1223506b47e8bf446f86f79993fe4452313a47,,,7.0,7.0,2,0
234,d8071a739aa75a3b832ec2e4fa964f5234dc9aa96bdaffb3,,1.0,,1.0,2,0
235,f000950527a6feb63777984c67c18704a834045c17b25a88,2.0,,,2.0,2,1
236,d8071a739aa75a3b56565f5510af4ee6274971a92bd9151f,2.0,,,2.0,2,1
237,d8071a739aa75a3be551c2cecfa11a12091aad8c533b0414,1.0,,,1.0,2,0
238,f000950527a6feb63a02d2158780f6fb08b92a1b10831e6a,11.0,,,11.0,2,1
239,f000950527a6feb6d154f9d44afca7ed8a021fd59e453fd7,,,1.0,1.0,2,0
240,f000950527a6feb65e2caa8b00b81137b3bd1208621e778e,,,5.0,5.0,2,0
241,47645761dc56bb8c18180f3b0e103d4de94056056cc8c9c9,1.0,,,1.0,2,0
242,f000950527a6feb667f49d003b8047d14d2c47750efa5ef9,2.0,,,2.0,2,1
243,f000950527a6feb666477077a0ac25fa6cd3f7bbea9ebc71,2.0,,,2.0,2,1
244,f000950527a6feb6909469998757a5aa4dc9f47e6da25780,3.0,,,3.0,2,1
245,216bd2aaf4d07924b2856447d26eafe44d1e85df7f28d7da,,4.0,,4.0,2,0
246,f000950527a6feb6ea6d7228bbc64a989300bdee33c267ce,,1.0,,1.0,2,0
247,d8071a739aa75a3b7e2817d195497b6c8cbeb942e7e70d33,1.0,,,1.0,2,0
248,f000950527a6feb61a985dd77b8c61631416469e9e21c169,22.0,,,22.0,2,1
249,f000950527a6feb6924a512438a96da24591b5b79678999c,3.0,,,3.0,2,0
250,59b38c56de383683cf1395a0092c333d666bab77b60bccfb,,5.0,,5.0,2,1
251,216bd2aaf4d0792474a4e3890e728de04dce0cf501e04c15,,2.0,,2.0,2,0
252,47e3664e12f3ce74f048204fb32a2854432a8852a76d42de,,1.0,,1.0,2,0
253,59b38c56de38368375a224bfb623ae04b912c3835b80f4e9,,1.0,,1.0,2,0
254,d8071a739aa75a3b3ef6f68db28a67526be9ccaeeb814437,4.0,,,4.0,2,1
255,f000950527a6feb6fbc99371c578e01cd83734c11d08985a,,276.0,,276.0,2,0
256,47645761dc56bb8cbfb0be9c3a6b0b4d165fcd13f39b9562,,1.0,,1.0,2,0
257,e9f7b28ec10e0470bb672d52e021d04489461b571fa28915,,2.0,,2.0,2,0
258,f000950527a6feb6f1cca41a86a6258c5ace85749c13c65e,227.0,10.0,,237.0,1,1
259,47645761dc56bb8c1f965bcf438942eb20f5eb030f97bf83,1.0,,,1.0,2,0
260,d8071a739aa75a3b52d148767bdbb8ca306e180796fb7711,9.0,,,9.0,2,1
261,d8071a739aa75a3bee7232d757838cf1b7c72e73a7293965,,5.0,1.0,6.0,1,0
262,f000950527a6feb6646bd5238ef6d8329c713c75a2405940,,18.0,,18.0,2,0
263,f000950527a6feb6891a8c7d5bb8af4bcfaebfe4ccc87efb,87.0,,,87.0,2,1
264,d8071a739aa75a3bda35d30a05864bba19f0f88f26e71341,,2.0,,2.0,2,0
265,59b38c56de3836837a535190b3ba4fe2fe12a12e86cf639f,,2.0,,2.0,2,0
266,f000950527a6feb64d386edfac88147efeccb8cda39de273,,,37.0,37.0,2,0
267,216bd2aaf4d079248b28899d54536f9f50b870b6c523079a,54.0,,,54.0,2,0
268,e9f7b28ec10e0470be24d1a7d52ca3dd8901bb3a26182f3b,48.0,9.0,62.0,119.0,0,0
269,d8071a739aa75a3bcf4392e917dd92e4624cc9139ac3e049,,1.0,,1.0,2,0
270,f000950527a6feb6dacbd3f27992880f33d5c0569a4ccfbb,4.0,4.0,29.0,37.0,0,0
271,f000950527a6feb6a7d275594c11c79485294090be507e25,,267.0,,267.0,2,0
272,d8071a739aa75a3b88ec2a8241dea8d5b56b59d8daf9ced3,4.0,,,4.0,2,0
273,e9f7b28ec10e0470dcf0c40c2435af5ab4a0cd94b368ab8d,1.0,,,1.0,2,0
274,216bd2aaf4d07924154414a2d7dcfe40dfee55e3dab9d2e2,,11.0,,11.0,2,0
275,f000950527a6feb63381d09d606b47f2a14208e16f667ca8,,4.0,,4.0,2,0
276,47645761dc56bb8c74c9b73a98ab54507c4eed22fc606217,4.0,,,4.0,2,1
277,e9f7b28ec10e04706ca6232684fedcd0f5efdfa944c587e3,,,15.0,15.0,2,0
278,f000950527a6feb66522f111e1cd4600b7c4c6fe4fa5ae23,3.0,,,3.0,2,1
279,216bd2aaf4d07924caa6c4f00b7179c082c892299a5b4bb4,,2.0,,2.0,2,0
280,e9f7b28ec10e0470d835363960e4f8301550975737e72172,,33.0,,33.0,2,1
281,f000950527a6feb62622680e01dbb283cfdbfbb9ef7d32d6,7.0,1.0,,8.0,1,0
282,f000950527a6feb60e549ea0a60a0c484263056261831b1a,,12.0,,12.0,2,0
283,59b38c56de3836835a6d6627c894fde1013302976071e7a3,,1.0,,1.0,2,0
284,f000950527a6feb6514b24644e11017e29f39ee82dee3f02,1.0,,,1.0,2,0
285,f000950527a6feb6a4001d4d055bc17b81559375dfc8786d,97.0,,,97.0,2,1
286,47645761dc56bb8c71185b60943e1c1c13155dbbe362c893,,5.0,,5.0,2,1
287,d8071a739aa75a3be0a5f0673d05473ad104cc389b55d1aa,,2.0,,2.0,2,0
288,f000950527a6feb65891a887fd5db282ed5878effe0ee90c,,6.0,,6.0,2,0
289,82750f1b9d1223501338bebdeb759cfe3c21e49514fc3125,1.0,,,1.0,2,1
290,59b38c56de3836834b7aa0f38b318955a16e306d1624a5c7,,1.0,,1.0,2,0
291,f000950527a6feb6da453974303c4c71c3f2cf7ecb5e5962,1.0,,,1.0,2,1
292,f000950527a6feb670aa52a99473b9d2009f4e1011583aea,11.0,,,11.0,2,1
293,f000950527a6feb6aa915bcb667a81fc049c2247f67018b3,,3.0,,3.0,2,0
294,216bd2aaf4d079246ec1ce172c87daf865200d3464ec2271,,2.0,4.0,6.0,1,0
295,f000950527a6feb6a13bbc23ef6c93c81586177919b8f6aa,,4.0,14.0,18.0,1,0
296,d8071a739aa75a3bfeb3a62407c7fc1a0759b7a3a1751916,,2.0,,2.0,2,0
297,f000950527a6feb6b0c2206722052e12cf99711824ca2e0c,2.0,,,2.0,2,0
298,216bd2aaf4d07924644a576172186cf53ce2a223f024a8d4,,,1.0,1.0,2,0
299,f000950527a6feb61790d86436016b2d64ff9a7c690287b5,,,46.0,46.0,2,0
300,82750f1b9d12235004a2c0d2fad83b092980d860a5e7e602,4.0,4.0,19.0,27.0,0,0
301,f000950527a6feb661f0a92e4bd9956e74283fb5f17261e9,,,35.0,35.0,2,0
302,82750f1b9d122350dc16a011811318d46ccd69fc208906a3,,421.0,,421.0,2,0
303,f000950527a6feb69b39e93c8e7c7ac365965ae219417b5f,2.0,,,2.0,2,0
304,f000950527a6feb6924071cd7ffd43b658cada82a8259e27,3.0,,,3.0,2,1
305,f000950527a6feb6a35be396c1eabf4acc52ca8b8f9f504d,,7.0,,7.0,2,0
306,f000950527a6feb6089bcc78b8622931605f624c6326c1b0,1.0,,,1.0,2,0
307,216bd2aaf4d07924862c5082e19ca6a74d147135dc75fae8,,1.0,,1.0,2,0
308,d8071a739aa75a3b83f02097c70a9eef81b9fa91cd3b42f3,1.0,,,1.0,2,0
309,f000950527a6feb6bb948f2dfbafc88c0b40dd05d8fc5a4f,1.0,,,1.0,2,0
310,59b38c56de383683ddf9f7a85067e1efa5fb3331dac136a9,,2.0,,2.0,2,0
311,216bd2aaf4d079246c54528873e5ab191d8f0d65656e62f8,,200.0,,200.0,2,0
312,f000950527a6feb61cb3b7d3f309fc3059faf651abd8e3dd,1.0,,,1.0,2,0
313,f000950527a6feb677093bd7a7f1a919bc5467b13e2787dd,7.0,,,7.0,2,1
314,216bd2aaf4d07924ab9bda33836bd033677f4fffefd5d41c,,102.0,,102.0,2,0
315,f000950527a6feb657f307dc6608bbb195947bce988b9dcc,,,71.0,71.0,2,0
316,f000950527a6feb60d3d33954449f76e02e48b4e46118c21,,,28.0,28.0,2,0
317,e9f7b28ec10e0470f9eb3f936a594f068c02593b5b340e15,,1.0,,1.0,2,1
318,d8071a739aa75a3bef9663eed68efbec429c2daf98a4d14e,,2.0,3.0,5.0,1,0
319,f000950527a6feb62f71a4ac3035bb76fbc5d5051d5f03bd,,1.0,,1.0,2,0
320,f000950527a6feb6127c7166ea5af1d5a6b145de0de10cc8,,,3.0,3.0,2,0
321,d8071a739aa75a3b24da27da3d74e8743aaa0a0d8317f792,10.0,,,10.0,2,0
322,d8071a739aa75a3b271744970d852e83e75e4a380be92f18,,4.0,,4.0,2,0
323,f000950527a6feb6bb85b785b77ef96f76ff99a4689590aa,31.0,,,31.0,2,0
324,82750f1b9d12235005b3b078912a095331ca98cdc9254ddc,7.0,1.0,,8.0,1,0
325,f000950527a6feb6a1f7483b98d414a7842bfcfeed2dc69d,,5.0,8.0,13.0,1,0
326,f000950527a6feb686d9f551a3b40b59ec480cba2ddb916b,,,25.0,25.0,2,0
327,59b38c56de383683cb32919b2c88db995e608198250db319,,2.0,,2.0,2,0
328,216bd2aaf4d079245c3459be38d2c0b73a6b214b24f50523,,2.0,,2.0,2,0
329,f000950527a6feb610bd36b5c4eaa757ac4ab5c35a61080d,,1.0,,1.0,2,0
330,e9f7b28ec10e0470b4d01abec0f15e65aa7f7e72c088dfcc,,,1.0,1.0,2,0
331,d8071a739aa75a3bff786c5802f3732a9821424ecda6cdc0,,29.0,,29.0,2,0
332,216bd2aaf4d07924cec9dd105f947113f24914e2178c4255,,1.0,,1.0,2,0
333,f000950527a6feb6f4583745394237c17da4e4fa439bbffc,,1.0,,1.0,2,0
334,f000950527a6feb65f798467c77b28f8e3f71e011c004ffa,,1.0,,1.0,2,0
335,f000950527a6feb66d641bad4a809da7bbdf92a0da74ea19,30.0,,,30.0,2,1
336,f000950527a6feb65c30490899d58f22edd045efcbdbded2,,5.0,,5.0,2,0
337,216bd2aaf4d07924763710e25ba77f2a58aec6b406ea1dbe,,13.0,,13.0,2,0
338,f000950527a6feb6284b7872b4012c586c37593976ac7749,,2.0,,2.0,2,0
339,f000950527a6feb6cdcb6c92430aa54d4eddd7769c55595d,,1.0,,1.0,2,1
340,d8071a739aa75a3b7a645a06a234765e8c2ab7514abd69d8,10.0,,6.0,16.0,1,0
341,d8071a739aa75a3ba086de08692fc3ab0389ff28e0521093,,3.0,,3.0,2,0
342,f000950527a6feb608708fbe139ccb8d75ef8d54a05cde82,,,94.0,94.0,2,0
343,f000950527a6feb6479fd2b11999e27237bbe1216a3fb937,,3.0,,3.0,2,0
344,d8071a739aa75a3b3054f2e27365c6a2a81151b4f03bda90,,2.0,,2.0,2,0
345,d8071a739aa75a3be0bb14c29e1edeee1dfb422a54c2561b,,1.0,,1.0,2,0
346,216bd2aaf4d07924649ab422e3565a983b9ce139a28046de,,2.0,,2.0,2,0
347,d8071a739aa75a3bd8f91b7c7730792bcf75b37dad88cbf0,,10.0,,10.0,2,0
348,f000950527a6feb6c74a0d82f4607e49a9c3bea81f040072,,1.0,,1.0,2,0
349,f000950527a6feb6c2628b379b06d14e98a3892b67907e3c,1.0,,,1.0,2,0
350,82750f1b9d122350db859f6ed4224c58003781dc056fdbf1,,,327.0,327.0,2,0
351,d8071a739aa75a3bca26717640aaa319f5c628e194f18092,,1.0,,1.0,2,0
352,f000950527a6feb674370ee767f025c957afde67ed9bd608,,1.0,,1.0,2,0
353,216bd2aaf4d0792484fc64abae4bc73b556eacaa153e78c7,,,1.0,1.0,2,0
354,216bd2aaf4d079245a51d93d05295388987e17a2ddf9967c,,38.0,,38.0,2,0
355,f000950527a6feb688622ae705988f0c1e2caf617011b4b6,2.0,,,2.0,2,0
356,f000950527a6feb6541c550d29d43b17c07d1301a668c88b,,,31.0,31.0,2,0
357,e9f7b28ec10e047017dce06ec80e14df5c913ac7c4131281,,1.0,,1.0,2,0
358,f000950527a6feb6b6817c2f4800502364bd1d3e3ef3e0f3,,12.0,,12.0,2,0
359,d8071a739aa75a3b583a19bb022aca044323c53e4f4c549d,12.0,,,12.0,2,0
360,d8071a739aa75a3b568bf45c6c804b537162e39a4afd67bd,1.0,,,1.0,2,0
361,e9f7b28ec10e0470c221db06da0671d6b4fbbc4e96da3af4,,1.0,,1.0,2,0
362,216bd2aaf4d0792410588d70c58c190ff20d5437f0484c3e,,,2.0,2.0,2,0
363,f000950527a6feb69f97559031b4545949ce3e95806a4e7e,,1.0,,1.0,2,0
364,f000950527a6feb63f902b727e34b2d74efcdaa70f5b36cb,4.0,1.0,,5.0,1,0
365,47645761dc56bb8c270e08c5030041b1849d06cb34dddd3e,,1.0,,1.0,2,0
366,f000950527a6feb60b0512bf99b49a719a5cefe583ca9a97,11.0,,,11.0,2,0
367,f000950527a6feb6d3d6852ce94d1d1bac70f0b16eb5020c,,2.0,,2.0,2,1
368,d8071a739aa75a3bb574df9edeb7d152892dc454f3195d2f,1.0,,,1.0,2,1
369,f000950527a6feb680499e1a4e6307f6c5435bbd3d7cc988,,1.0,,1.0,2,0
370,f000950527a6feb6ca04e4052f3c1ac35323b9d53c0e5cd8,2.0,,,2.0,2,1
371,f000950527a6feb6ea9d0f083a06ab96bbe1a5c706516757,1.0,,,1.0,2,1
372,f000950527a6feb6f22f3df913dc1d56acb162d86a569dd0,,18.0,,18.0,2,0
373,82750f1b9d12235002853cd9189219367a536488fcb30a0b,4.0,,,4.0,2,0
374,f000950527a6feb6cc339c4392bc5b8f7e0b2a796e445d77,66.0,2.0,30.0,98.0,0,1
375,47645761dc56bb8cb91b221ab94e1bb6969b21d2cc04bd15,,1.0,,1.0,2,0
376,f000950527a6feb6abca45ad6588b27d7c84b74b03f3a6d3,,1.0,,1.0,2,0
377,f000950527a6feb678d0327c88f8133b9a06655522bfcaea,,4.0,,4.0,2,0
378,216bd2aaf4d0792473748b32a18511cfca77d55d893f85d2,,2.0,,2.0,2,0
379,47e3664e12f3ce74689fadee8fe0510995e08351fe1da7e8,,,12.0,12.0,2,0
380,f000950527a6feb606899528933897b4cbe23ce29d843cb9,2.0,10.0,3.0,15.0,0,0
381,e9f7b28ec10e0470d56e6dac97b109dc6bda24addd09382a,1.0,,,1.0,2,0
382,d8071a739aa75a3b57147a811ebbc0fae97e3aa07f8dc125,,2.0,,2.0,2,0
383,e9f7b28ec10e0470fe5cf4c66543716c2e0472a13465af66,9.0,,,9.0,2,0
384,f000950527a6feb6894cbac48e230ffc6be49aeb4e018dfd,2.0,12.0,2.0,16.0,0,0
385,f000950527a6feb6e4f07773bad0abf079f8a18e34617a2b,,2.0,,2.0,2,0
386,e9f7b28ec10e0470e20f538eef11ee4e092e7360798e3cff,1.0,,,1.0,2,0
387,82750f1b9d12235021f87a84779e49f38ff2015ea71fb835,,4.0,9.0,13.0,1,0
388,f000950527a6feb65a479e993c1352e55fdd914501a03ad9,30.0,1.0,,31.0,1,0
389,216bd2aaf4d079244e2440d8c2c1dde3be62974317a13a9e,,2.0,,2.0,2,0
390,82750f1b9d122350cb41b52287ded2add48b8f1c390f3d0e,,118.0,,118.0,2,0
391,f000950527a6feb60c2c2cb65977e7ac0af7ae9efb4d1151,,,38.0,38.0,2,0
392,e9f7b28ec10e04709a65711ee6a16104c7431a9c4538cbe3,,1.0,,1.0,2,0
393,d8071a739aa75a3bc6d0c9ef0e59ea3bae2b4db9b5579319,,3.0,3.0,6.0,1,0
394,f000950527a6feb6b23452184bd4e4d4ee5cf6595a037dc2,,1.0,,1.0,2,0
395,f000950527a6feb6544693d2f34cee5c2e9e00851e077a38,,2.0,,2.0,2,0
396,f000950527a6feb68874eb9aadb750d11cf8bdcc44c503ce,,10.0,5.0,15.0,1,0
397,59b38c56de383683ccb2678db0f64527691a3912c71a8d5b,2.0,,,2.0,2,1
398,f000950527a6feb648426808079e3601c22eed34e30251d7,,1.0,,1.0,2,0
399,f000950527a6feb6772a15f1fd8ff8193bfb690f0c849345,,6.0,79.0,85.0,1,1
400,f000950527a6feb69d8bf58f6607259107077e4059ba3537,208.0,2.0,,210.0,1,0
401,f000950527a6feb688238b07d9691b932717dd0ce791ef0a,,2.0,,2.0,2,0
402,f000950527a6feb68415986bdb1ba93f923a06fd7aed6844,5.0,,,5.0,2,1
403,f000950527a6feb6eb65b65df495afacb3008bcc1b9b24c9,1.0,,,1.0,2,0
404,d8071a739aa75a3bf0577a86271209a2282951dc51a80523,,1.0,,1.0,2,0
405,d8071a739aa75a3baa9e2e436bd2cf13f68daf819c7f04d4,,4.0,,4.0,2,0
406,d8071a739aa75a3bc53e83f48b5c1f5c3fe699d72bef60bb,,6.0,,6.0,2,0
407,f000950527a6feb69f42b2bd5f257bfb1239051452901510,1.0,,,1.0,2,0
408,59b38c56de383683e996955bc806b7bf56fc37df9b164fa5,1.0,,,1.0,2,0
409,d8071a739aa75a3b9d746bd4e3818765eb863ba5a148efa9,,1.0,33.0,34.0,1,0
410,d8071a739aa75a3be34e73a1339f8a1639bf13e49bbdee27,3.0,7.0,219.0,229.0,0,0
411,216bd2aaf4d07924da40806e2598f0074f6e3db22ca343da,,2.0,,2.0,2,0
412,216bd2aaf4d0792416346172bc27f61e3e4751b007948907,,113.0,,113.0,2,0
413,f000950527a6feb623a6fed66b8c9c4c5f9295a10aad2faf,,,2.0,2.0,2,1
414,f000950527a6feb6ac3b0aedf4631cff5d709c3e34e7d7ee,1.0,,,1.0,2,1
415,e9f7b28ec10e04701b57fb54b47e4ca6a65dfd5de6420a92,,,3.0,3.0,2,0
416,47645761dc56bb8c145472ff688eb73ffb6ee0c392d345b2,,2.0,,2.0,2,0
417,e9f7b28ec10e0470e3a51f105a150970be1ee65475cda299,,4.0,,4.0,2,0
418,f000950527a6feb67db1224e9c4e967b37f40a286a359306,12.0,,,12.0,2,0
419,f000950527a6feb65793a63581d2e8e87ae0abb322da1d9b,4.0,,,4.0,2,1
420,f000950527a6feb6e3bd602e9349ed0bef839c4de4f7b084,,1.0,,1.0,2,1
421,d8071a739aa75a3b195e23b34fd40e3fb5d8823fb5a4bd11,,,29.0,29.0,2,0
422,216bd2aaf4d07924594391e48d8893ce204683d2c3c7c2f7,,2.0,,2.0,2,0
423,f000950527a6feb645ac0de7745767772a85cba82e48203f,3.0,,,3.0,2,0
424,516ab81418ed215d5d35b6ec19b16f2f979c298ca240c48b,,3.0,,3.0,2,0
425,f000950527a6feb603c9b40ac59b37ceef71c8c3e2d12c1c,,,2.0,2.0,2,0
426,47645761dc56bb8cf281d69b650640ec54c1db03f2af6837,,2.0,,2.0,2,0
427,f000950527a6feb6194eb25023f715fa9ec0166d20cc8aed,1.0,,,1.0,2,1
428,d8071a739aa75a3bcc326db31f4f8cfdd4842557bbe83b93,,,2.0,2.0,2,0
429,82750f1b9d122350d67b780ad18c3580b63b7444d5963b1f,16.0,,,16.0,2,0
430,216bd2aaf4d079244edb462e6a1e15b290936e7c22a665c9,,,1.0,1.0,2,0
431,f000950527a6feb66f14514ae82fea7e112523f29bff31c5,,2.0,,2.0,2,0
432,f000950527a6feb64100fa34baea1db6a8b8570a91955b93,,8.0,,8.0,2,0
433,216bd2aaf4d079249a8ef92c6053b3bd972b0e329ebd90ff,,33.0,,33.0,2,0
434,59b38c56de3836837a78b72aaca16fb20c7540f09fe74046,,4.0,,4.0,2,0
435,216bd2aaf4d0792405618e54256ed47f6334213789c3fbde,,1.0,,1.0,2,0
436,47e3664e12f3ce746b7a979f1eda32acdbb47b8d23c1648f,36.0,,,36.0,2,0
437,f000950527a6feb6ae76133e9037a32d23e6c0a6926d4f5f,,20.0,,20.0,2,0
438,e9f7b28ec10e047086f39ef0e757ce3b00aa7dca1b477c6e,5.0,,,5.0,2,0
439,f000950527a6feb614b8a0d14d54d5f6850c8ffdb98ac1be,1.0,,,1.0,2,1
440,d8071a739aa75a3ba3ff190f9280c8bbc1c0162bad88daa7,,6.0,41.0,47.0,1,0
441,d8071a739aa75a3bf97efd4aaa997813f13b19ab94893ca6,,1.0,,1.0,2,0
442,47e3664e12f3ce74b5934140700329b8ea3e36e0f459f768,,,3.0,3.0,2,0
443,f000950527a6feb618a9e2369f4e910a9ac211cea2966604,1.0,4.0,23.0,28.0,0,0
444,f000950527a6feb66d419c0766e97a84b37d68d7ee9c3cff,1.0,,,1.0,2,0
445,59b38c56de383683e2ed21d537e7d74b7416198cbda9131a,15.0,,,15.0,2,1
446,f000950527a6feb6298d50f8317a647ded86732d18f16dd5,,1.0,,1.0,2,0
447,f000950527a6feb6582445c5f47f3de20c5c9399f5368ccb,,7.0,,7.0,2,1
448,f000950527a6feb645ffbc794f6bdce87db14104c7bbb2e3,,2.0,8.0,10.0,1,0
449,e9f7b28ec10e04707381146e3e09e3073ea4776bbf36cd35,64.0,,,64.0,2,1
450,f000950527a6feb6924d49a5d44541f0577a56f3538f7129,,2.0,,2.0,2,0
451,f000950527a6feb69c0a17e358f8e89c53ec16c470e8859d,99.0,,,99.0,2,1
452,f000950527a6feb644a9c3e61edf30f8a5f06c612fb72937,,,6.0,6.0,2,0
453,216bd2aaf4d07924865103cfd9c366ff01729f18f845dd14,,2.0,,2.0,2,0
454,f000950527a6feb6050fac13957445c8071f0de6b1a1f97d,1.0,1.0,,2.0,1,0
455,f000950527a6feb6b29f804c3695ea4c3979eae21016fe45,2.0,,,2.0,2,0
456,d8071a739aa75a3b9b9fd518be82a2617a3c309627868159,,1.0,,1.0,2,0
457,f000950527a6feb69152fa255f60bcc4b8b41bc7d314e503,3.0,,,3.0,2,0
458,d8071a739aa75a3bf721c960e408479a57b2e07bf4429d66,,3.0,,3.0,2,0
459,f000950527a6feb6cbbc8b9a6e1cb85233d59da3f95b60f8,,7.0,,7.0,2,1
460,82750f1b9d122350fa4c9559e172c5387aaa99be98a54865,,1.0,,1.0,2,1
461,59b38c56de383683e030b6391c58f6f4f37c8fa8a447bea6,,1.0,,1.0,2,0
462,216bd2aaf4d079248f089aa4de209ba9705fc83618a3ad1d,,22.0,,22.0,2,0
463,d8071a739aa75a3b2de2926af9202ab8c8be00c1e18cdd40,,1.0,,1.0,2,0
464,d8071a739aa75a3b010ae3d91ddbee191480414c15b32053,,4.0,,4.0,2,0
465,f000950527a6feb6b0fb3dbf039a5f11982db3042ad2c8b8,1.0,,,1.0,2,1
466,f000950527a6feb6da971f3ebc2f7d38cbdef0969d38ceb4,1.0,117.0,40.0,158.0,0,1
467,216bd2aaf4d079240db3e8d311793c409e1744134cc6396a,,1.0,,1.0,2,0
468,d8071a739aa75a3b41e90ad788a3436465e3041db46d8c3f,,3.0,,3.0,2,0
469,82750f1b9d1223500e73adfdfa4b81afd3f137086df01d06,,,186.0,186.0,2,0
470,f000950527a6feb69e631608e4f6797a88f6a8b8e1d44539,,3.0,120.0,123.0,1,0
471,47645761dc56bb8c6257ea820a2ba97d11f403e6dbaf019b,,1.0,,1.0,2,0
472,f000950527a6feb684a4a1834bc09a886b678fc0ef24180b,45.0,,,45.0,2,0
473,59b38c56de383683496e3c05a3a1739ca58fc97becdfe59f,1.0,,,1.0,2,1
474,82750f1b9d122350efd5967bdf40882c97dbd49b1215b838,,1.0,,1.0,2,0
475,f000950527a6feb645416d4f272dc02c3cf927f2a4510271,,,44.0,44.0,2,0
476,f000950527a6feb63be42c1c1e53c77713f702e9bad16317,,,47.0,47.0,2,0
477,f000950527a6feb63caf6cbe19d99ce3b9e044dd01e76fff,5.0,,,5.0,2,0
478,f000950527a6feb613e46c498621b88852a1390ea035abf2,277.0,,,277.0,2,1
479,59b38c56de3836838537a0ff633fc8f969564a170078ce13,2.0,,,2.0,2,1
480,d8071a739aa75a3b729752160f35548ca5756fc45b4e187b,2.0,1.0,217.0,220.0,0,0
481,f000950527a6feb6a1def3df88e9d0a575dc289ade52d993,,2.0,,2.0,2,0
482,f000950527a6feb6834d5f1f47c9a1e271413e8645d2309d,,4.0,,4.0,2,1
483,d8071a739aa75a3bec41271fce7e56a83b13baf4c5d5f7ca,,1.0,,1.0,2,0
484,f000950527a6feb609d633eecc68c5ba42ac202ed9fa1e68,,7.0,,7.0,2,0
485,f000950527a6feb6a336dda8a722c2608d1c22f2ec28eba4,180.0,,,180.0,2,0
486,82750f1b9d1223504ef8398f02d65258aee8b6c5483a35d5,,1.0,,1.0,2,0
487,f000950527a6feb656feb125ba02723d475ad7080a3fa42c,11.0,,,11.0,2,1
488,d8071a739aa75a3be4a988aa7d71e6f6001eb554a0e063d1,,1.0,,1.0,2,0
489,82750f1b9d1223507c6b8a40049ac4a32e53f38dda2d61c2,16.0,,,16.0,2,1
490,216bd2aaf4d07924826de62a20adfd7c5d94142c5dca1e26,,2.0,,2.0,2,0
491,47e3664e12f3ce747d04eb085d34fa277b5c8824be80cf09,,1.0,,1.0,2,0
492,f000950527a6feb61914a917922100e35c0c226eb333bafa,,2.0,,2.0,2,0
493,f000950527a6feb689131dca7c2d77ae400067bbf751429a,7.0,,,7.0,2,1
494,f000950527a6feb6ae01bb462df2f9a1efb0b79d80ef063e,3.0,,,3.0,2,0
495,f000950527a6feb60e26caf373e3ce9ad29143bcc2b19e6d,,5.0,,5.0,2,0
496,e9f7b28ec10e04701caaeaad38bde95216152f031873cd58,20.0,,,20.0,2,0
497,f000950527a6feb607923bf37e04ffe72ea40f3846ff4e96,,3.0,,3.0,2,0
498,f000950527a6feb678301dcaab1ccc1d93fd9901ad029cc9,5.0,105.0,6.0,116.0,0,1
499,f000950527a6feb696f8dcbd39e4e2210c05ad6c64de7fbb,7.0,7.0,,14.0,1,0
500,f000950527a6feb60424f976b77c46bc9d2e0eee12f67855,1.0,,,1.0,2,1
501,f000950527a6feb68a5bdbd9825d2a496c024e78b3079f3a,,2.0,,2.0,2,0
502,f000950527a6feb64987e81b5690218b84d5276a70fd583e,,1.0,,1.0,2,0
503,216bd2aaf4d07924e296dec88e12adb315748026891929f3,,2.0,,2.0,2,0
504,f000950527a6feb6b0aab47e89518c81f2e450ba041350bb,,5.0,,5.0,2,0
505,59b38c56de3836834a0919e87daa8e9ec4035e20b669e11b,,3.0,,3.0,2,0
506,d8071a739aa75a3ba99a596dc0205f927299cb05923e1c47,4.0,,,4.0,2,1
507,47645761dc56bb8c9c77bc249441a8cb5f1a176f2d596a5d,1.0,1.0,,2.0,1,0
508,e9f7b28ec10e04707926cbe77eb9b12c1ac05b9b7747cd27,,3.0,,3.0,2,1
509,f000950527a6feb6a85f40291ad2034cfa791be938c32ffc,32.0,,,32.0,2,1
510,f000950527a6feb654eee0ba4611f24595852c16b887cc2b,2.0,2.0,,4.0,1,1
511,f000950527a6feb629e80aa75c2cd0eb6b00484c53861bb0,,1.0,,1.0,2,0
512,f000950527a6feb6c9d99e7036aa66da37d4b916919827e3,,1.0,,1.0,2,0
513,47645761dc56bb8c37eb589a6acefdaa4032a1be0f766602,,1.0,,1.0,2,0
514,59b38c56de38368359d6f15bffad22ff47e21b000847ff01,,4.0,,4.0,2,0
515,d8071a739aa75a3b665ca3dc61769c38a96c8bdb4f128b98,9.0,,,9.0,2,1
516,d8071a739aa75a3bcf8d91501e2fe5e694090265316bdd96,,384.0,,384.0,2,0
517,f000950527a6feb68699100c528c8a7c6ec338cb4bc542f7,,6.0,3.0,9.0,1,0
518,59b38c56de3836832bad682b4c5f44f11512a55b78cb83ad,,3.0,,3.0,2,0
519,e9f7b28ec10e047011d2c9025fa51d9cdf05aa3e43d1f681,,2.0,,2.0,2,0
520,f000950527a6feb66b5722020d03e0fa9eb97198b9a6a16b,1.0,,,1.0,2,1
521,d8071a739aa75a3b208e3792febbf7ad6a003ed81a86108d,8.0,,,8.0,2,1
522,f000950527a6feb6bee5b49642d8d0abef488a18d1a6a7d7,,92.0,,92.0,2,0
523,216bd2aaf4d079242649c0a35a03b3bea9fc40a2507c006d,,1.0,,1.0,2,0
524,f000950527a6feb63da96e7ab54df7938fffa284eaa8cf7c,2.0,,,2.0,2,1
525,d8071a739aa75a3b54ec211c53e6609a188c05de7b3cb3fe,10.0,,,10.0,2,0
526,d8071a739aa75a3b248667ec79bc5c9fce9727480133c3a7,,6.0,,6.0,2,0
527,f000950527a6feb69a97c55915b7c44ab5768ae8538ce0d0,2.0,,,2.0,2,0
528,d8071a739aa75a3b931c13bf370bb242c4d682f2aac234cc,,1.0,,1.0,2,0
529,d8071a739aa75a3bc0c73e94f567e289fc9f9e66bd0e8127,,2.0,,2.0,2,0
530,f000950527a6feb6e7bd7b98960c8ce322f850f09af44a19,6.0,,,6.0,2,0
531,d8071a739aa75a3bdf63abe0441507d976ffe0e6651ae5d6,,28.0,,28.0,2,0
532,f000950527a6feb6d3f31492f0e43b8b1190b0a2cdf8caef,2.0,,,2.0,2,0
533,f000950527a6feb696f4536bf7afd977421938f5e9fcce0f,,3.0,,3.0,2,0
534,f000950527a6feb6fc1e448084f3078b1342fa52a4b2ff30,,3.0,,3.0,2,1
535,d8071a739aa75a3b20870bc331693cbb4a294c86968e7068,3.0,,,3.0,2,1
536,f000950527a6feb6262cfeafeba4e46003f311ab9dc98445,74.0,,,74.0,2,0
537,216bd2aaf4d079240af064fa2d79448e896d01d7a636d027,,3.0,,3.0,2,0
538,d8071a739aa75a3b03a0368fe321500f183d2a86b1d1ed8a,,1.0,,1.0,2,0
539,216bd2aaf4d0792471f88d32585f42bbf99155461e7f9720,,1.0,,1.0,2,0
540,d8071a739aa75a3b797497da6023cbaf305179f3e0cb2254,9.0,,,9.0,2,1
541,d8071a739aa75a3b844ea1fb9a8171d0f4018e21c9d2672b,,1.0,,1.0,2,0
542,e9f7b28ec10e047020d0a481ac1ee489b40fac4a2c46caea,,1.0,2.0,3.0,1,0
543,d8071a739aa75a3ba7f3b73aa0ee4b523ff5eddc022eba59,,2.0,,2.0,2,0
544,f000950527a6feb6d2cd8df3c384f2fe5e90b2ca205f3061,,1.0,,1.0,2,0
545,d8071a739aa75a3b4c36e761964bee8c4913ebf304f93059,21.0,,,21.0,2,0
546,d8071a739aa75a3b750168edd72e2d01e5b4625f0775a97c,,,31.0,31.0,2,0
547,f000950527a6feb635f39ec116fb8befe68da95b91217d08,,,26.0,26.0,2,0
548,59b38c56de383683ab976406864c92c663e09cad04689285,,,17.0,17.0,2,1
549,d8071a739aa75a3b390b0788cfb66c84a55db33b4926ee66,,1.0,,1.0,2,0
550,216bd2aaf4d07924535a88aa5735088adbce03a3005c8a6b,,117.0,,117.0,2,0
551,9d5578a47f116d948ac86a875bfcb00ab0f9f17888bcd8be,4.0,,5.0,9.0,1,0
552,f000950527a6feb67f5eed21465f2595f772dfc8894ef81c,,98.0,,98.0,2,0
553,47e3664e12f3ce740ed4ba66fa55f6bee9efba0e7bbda1f2,,1.0,,1.0,2,0
554,f000950527a6feb65d7ab5679663c0f26358cead4ebda2a4,,4.0,,4.0,2,0
555,f000950527a6feb6966c0b9433eddf2bc00b1b1f199d8f6a,,1.0,,1.0,2,1
556,82750f1b9d122350a4827c24d89a7e36dd64a3b53cd0fe7e,,,62.0,62.0,2,0
557,82750f1b9d12235051914b2ff47de9503ecb724a0685976c,,,3.0,3.0,2,0
558,f000950527a6feb680e3940ae2a88ee4bdaf166354a2bb95,1.0,,,1.0,2,1
559,e9f7b28ec10e0470349e14a870b1812d74910d5c0fbd30ff,,3.0,,3.0,2,0
560,d8071a739aa75a3bcc4f93c18147f640b86859936258c347,,,7.0,7.0,2,0
561,e9f7b28ec10e047062fb226e658a3c8da59d49a021e8efe0,,,3.0,3.0,2,0
562,f000950527a6feb6252385b2e3467db992f71b19fc1c0608,,,22.0,22.0,2,0
563,f000950527a6feb60152e9c62a09c29c457f9e3ae42725a9,1.0,1.0,29.0,31.0,0,0
564,f000950527a6feb6496116676f3c558719bf256cf2ab819e,31.0,13.0,,44.0,1,1
565,d8071a739aa75a3bc1e7a45e6356b2a2aaa9efd49624d338,1.0,,,1.0,2,0
566,f000950527a6feb6d950943e1a1a9b02f3493b61944065bd,3.0,,,3.0,2,1
567,f000950527a6feb6a29278b338bcec5f9891c2b7e981610f,,3.0,,3.0,2,0
568,f000950527a6feb6fd978de5c7f13afc9473089a63c1d3fc,4.0,3.0,7.0,14.0,0,0
569,216bd2aaf4d079243a1107739cd67b59df44efd2f8a4b367,,3.0,,3.0,2,0
570,f000950527a6feb6992f282898a037d89bf86ca6526ed4fa,1.0,,70.0,71.0,1,0
571,f000950527a6feb63d9524218b96f93c92ec253d6d5352db,4.0,,,4.0,2,1
572,47645761dc56bb8c12a5e0c188acd19360408ca63c105ffa,,1.0,,1.0,2,0
573,e9f7b28ec10e04701a5d78fc454b665bbccc0fd27d60fead,1.0,,,1.0,2,1
574,f000950527a6feb64b277f2928d2f7060c0fe4dc9b1656c8,2.0,14.0,38.0,54.0,0,1
575,f000950527a6feb6cfee1e43e8674f8a4d8fac0443f5d18f,,,16.0,16.0,2,0
576,d8071a739aa75a3bdadc7e0f7856950411bb710a06cece18,2.0,,,2.0,2,0
577,f000950527a6feb69d53c44b0bf25522981486b98306b217,,,1.0,1.0,2,0
578,f000950527a6feb67cc5882fa67985ccf84843b15be50539,1.0,,,1.0,2,0
579,f000950527a6feb668279985d34439f90bf750e4bc119aa6,45.0,,,45.0,2,1
580,d8071a739aa75a3b3cf0d6adfb1e7d1b831941bfdca85044,,3.0,,3.0,2,0
581,d8071a739aa75a3bf2a1fdb43112732db33dbb35d3001bd9,,7.0,4.0,11.0,1,0
582,f000950527a6feb6fa6bfc4fe01a9ae5dc3880b78f177c88,4.0,,1.0,5.0,1,0
583,d8071a739aa75a3b6b747823574cd3cbe8c8d6d046eff2a4,2.0,,,2.0,2,1
584,f000950527a6feb63008cbbb3a499ab310c382ec35dfb05a,2.0,,,2.0,2,0
585,f000950527a6feb6676c1650154ef77ea0bdf1648b653d6b,,1.0,,1.0,2,0
586,59b38c56de3836838259adc318783b39d43055b9e158c6d4,,4.0,,4.0,2,0
587,e9f7b28ec10e04704cc2ad835f0d696e515f33b1a01cade4,,1.0,,1.0,2,0
588,f000950527a6feb67127cb4df23e316e825bb49bb4b7c7e0,,2.0,,2.0,2,0
589,47e3664e12f3ce74814aa2270afdc1ed8890dc0b2d92a5ff,2.0,,50.0,52.0,1,0
590,f000950527a6feb62b5a887cbd34514194166bfac75c13da,,2.0,,2.0,2,0
591,d8071a739aa75a3b54a6cd83546da4b772646fa2442ceb28,,,2.0,2.0,2,0
592,f000950527a6feb67d831f2ca945f86f368032fb70a727b9,,58.0,,58.0,2,0
593,216bd2aaf4d079242872ee41d2464688c73fc82d75dbdd45,,2.0,,2.0,2,0
594,59b38c56de383683945720b4b263f745c85941e6aeea4ef5,,3.0,,3.0,2,0
595,216bd2aaf4d0792442a4e1622fb4b96cd9e8b4ec46ebb8b9,,1.0,2.0,3.0,1,0
596,f000950527a6feb67db26bc5662fd607c07c73594f35642d,3.0,,,3.0,2,0
597,59b38c56de383683a839359fff9a4ab9eb58d0fe0ad95694,,4.0,,4.0,2,0
598,f000950527a6feb6486e946f92e66a45c08deb28dee60b58,1.0,,,1.0,2,1
599,623f98c35d41339d40dbc51cb2ec2fb3100cac2f1514f239,,1.0,,1.0,2,0
600,47e3664e12f3ce74d8f4a386af4934f69fb7b8326fbb100b,70.0,,,70.0,2,1
601,216bd2aaf4d07924cac047e19ec4ff0af873eeff2cc61c22,,5.0,,5.0,2,0
602,f000950527a6feb6f932a61474069fc8e6328cd9099bdc49,,1.0,216.0,217.0,1,0
603,f000950527a6feb6ee044d9bb89630577ae7c4486244d878,,3.0,,3.0,2,0
604,d8071a739aa75a3baa7c7731969eefadbb876d91868db9bc,,2.0,,2.0,2,0
605,d8071a739aa75a3bf236d55454bd69e756feee689286b06d,,7.0,,7.0,2,0
606,216bd2aaf4d079247f436dbfd95aef670011985d5dda35b9,,1.0,,1.0,2,0
607,f000950527a6feb60d02eb5b5a50335f6ae4fc83171d84d4,4.0,,,4.0,2,0
608,f000950527a6feb6b5787a382963d6de58aa6a168a022a5e,,1.0,,1.0,2,0
609,e9f7b28ec10e047083b30ef64e4d20726016dd032f4f92bb,,1.0,,1.0,2,0
610,f000950527a6feb69958d0a835134a880cd4bbab4210c95e,,361.0,,361.0,2,0
611,d8071a739aa75a3b96391c122be3b5b083005534f7633072,,2.0,,2.0,2,0
612,f000950527a6feb6c54c7f2a93c6ee5e14443a902ef2b6f4,1.0,,,1.0,2,0
613,216bd2aaf4d07924548ffc2a751b15672818aecfd05a2c0d,,2.0,,2.0,2,0
614,d8071a739aa75a3b103650915a1d469121a8b206addc5789,2.0,,,2.0,2,1
615,516ab81418ed215d22e57f87e106e4b1f87b28f4e8c5c5c5,,1.0,2.0,3.0,1,0
616,f000950527a6feb6299c819ae0918f46a82834a212111c26,90.0,53.0,,143.0,1,1
617,216bd2aaf4d07924086f85ea6de4c7c4c8f9a16d7d1f48ad,,171.0,,171.0,2,0
618,f000950527a6feb6656b329eca03241913f696aef47e681b,5.0,,,5.0,2,0
619,d8071a739aa75a3bcc63701d904ec0481d2a043254e8bfa8,57.0,,,57.0,2,1
620,d8071a739aa75a3ba98dc2bd172a3d466452fdf32e5fc22c,,2.0,13.0,15.0,1,0
621,f000950527a6feb645f8a640fd2c6306f9023d625c21c5bf,3.0,1.0,,4.0,1,1
622,e9f7b28ec10e0470098af41f84ebd965e4aa2883f5fcbbb2,,2.0,,2.0,2,0
623,47645761dc56bb8c194b82a10382cbeae9f19f7e686705dc,1.0,,,1.0,2,1
624,f000950527a6feb68bab054f94c55893508b12a0afca9dd9,,3.0,,3.0,2,0
625,516ab81418ed215dcb42d6468f3b83379987a8470e9a2c7b,2.0,,,2.0,2,0
626,f000950527a6feb6c294de0caadf7fde261d1463363930e2,14.0,,,14.0,2,1
627,d8071a739aa75a3b6ae930525086e23c10b188ea1b6ab60e,,,5.0,5.0,2,0
628,216bd2aaf4d07924109aa73e87cf466bcfe4f13d7d9b200b,,7.0,,7.0,2,0
629,f000950527a6feb641a4e3c358cd6dbcabea1788cf88090f,35.0,,,35.0,2,0
630,f000950527a6feb655fc09406ece928e7c1f8f94a2ab6f62,1.0,,,1.0,2,0
631,f000950527a6feb6927e1df482163cf2e0f60a1bf1c4fdc6,,1.0,,1.0,2,0
632,09912c34159b1720558a419983a989f1dd2e0ed69a044ca3,10.0,34.0,4.0,48.0,0,0
633,f000950527a6feb684417aacc50495e21b43156c2fac9498,,1.0,,1.0,2,0
634,82750f1b9d12235025160cd647eec4cec1492ec6d4b10d11,,2.0,,2.0,2,0
635,47e3664e12f3ce7494bef1e6d1448592d5a09aabd7c707e0,1.0,,,1.0,2,0
636,d8071a739aa75a3b479229c4f38b681a5f31c150973c0a1e,,1.0,,1.0,2,0
637,f000950527a6feb666f02fabcefe2ab46052c1149f66d033,1.0,,,1.0,2,0
638,d8071a739aa75a3b6344c3660a63f1ac2697384ad14c288e,,2.0,,2.0,2,0
639,d8071a739aa75a3b1dc86f0f29c84a4bc3c92904f4833ee7,16.0,,545.0,561.0,1,0
640,47e3664e12f3ce74f9da91d39ba094423e9edc2c77d6f433,20.0,8.0,,28.0,1,0
641,f000950527a6feb6d73714e0e07ac50d82cf591c9d1ca2c2,,12.0,3.0,15.0,1,0
642,d8071a739aa75a3b0ce6f89c47db51e62ae3b452899aec19,,4.0,,4.0,2,0
643,f000950527a6feb65d6cd63501059452349e4dce9cda66a5,1.0,,,1.0,2,1
644,f000950527a6feb6dfed39ec45d1b6838a05c01bab0d6edc,1.0,,,1.0,2,1
645,f000950527a6feb6d966a8241efa6dcb5e66a5c68f1fad35,,3.0,2.0,5.0,1,0
646,f000950527a6feb61ab91ab78e45ba487ee6b77f9028e54e,1.0,,,1.0,2,0
647,f000950527a6feb6a53fca3533a2bfd5b82f7aa9773b1bd2,,2.0,,2.0,2,0
648,f000950527a6feb6cb230735a74a0a996c1a2bd17eb5f9ed,8.0,,,8.0,2,0
649,f000950527a6feb63a8e3df3da534257a59e156141ddc932,5.0,1.0,,6.0,1,1
650,d8071a739aa75a3bfecc8bf838f8934302a4ed6329e3db9c,,2.0,,2.0,2,0
651,e9f7b28ec10e0470fb499e4a38d4d096f42d66771d3a5599,1.0,,,1.0,2,0
652,d8071a739aa75a3b9c4545c33b6944a95913892c98dafed4,,,2.0,2.0,2,0
653,59b38c56de383683256e557a42e164cf9b7aa82543e814ca,,5.0,,5.0,2,0
654,d8071a739aa75a3bb26e8184182ef24c1b5b9d573165561e,,3.0,,3.0,2,0
655,59b38c56de3836838e191474f0272bc3a89663af12719131,,1.0,,1.0,2,0
656,f000950527a6feb646af0fcd511742e9b6b0b2ffda19732d,2.0,,50.0,52.0,1,0
657,d8071a739aa75a3b4694002dd10967d4c2c0231245e20028,,1.0,,1.0,2,0
658,59b38c56de383683c5f231e29ebf57043c79c411fae5d9f2,,3.0,,3.0,2,0
659,d8071a739aa75a3ba757cdd327d5d9dfab275ee5114a36e4,,1.0,,1.0,2,1
660,e9f7b28ec10e047053cacf004a75cfd89621b3466ccd1011,,1.0,10.0,11.0,1,0
661,216bd2aaf4d0792495e5120bfc9ad0f9f836d425ba7e2639,,,6.0,6.0,2,0
662,59b38c56de38368357519b744894621f9c285b542e27d08e,,2.0,,2.0,2,0
663,d8071a739aa75a3b208dd9928f045c7e3a8c2e3ac376ff28,,3.0,,3.0,2,0
664,f000950527a6feb699582c3871b8bb0e1b3bbb7eef5a0f24,,,17.0,17.0,2,0
665,216bd2aaf4d0792468b1434eaf94590f8d490544f277e7bd,,2.0,,2.0,2,0
666,216bd2aaf4d07924c2e63fea700cf570c6796ebbdc41c90d,,1.0,,1.0,2,0
667,d8071a739aa75a3b77e981c01ebd9e72bde6c13c784f7fb9,1.0,,,1.0,2,0
668,59b38c56de3836830dc051e480eb367a99bf95626797acc2,,12.0,,12.0,2,0
669,f000950527a6feb637f8df486024b66b08c82c0c13e42994,2.0,,,2.0,2,0
670,d8071a739aa75a3b447b194c948682ddad610568221a25ac,3.0,2.0,,5.0,1,0
671,47645761dc56bb8ce4034b5b3a2d12beb159d10cc4c77f88,727.0,45.0,52.0,824.0,0,0
672,d8071a739aa75a3bf8fda9efab6460f0542f177f7e97884f,3.0,,,3.0,2,0
673,f000950527a6feb6fd2ace036494a35e5aa779929a44cff7,,4.0,,4.0,2,0
674,47645761dc56bb8c97f265ca0fc3593736270b78eed44749,15.0,,,15.0,2,0
675,d8071a739aa75a3b1ebc00c8d6e9e70a02129871924e5d5d,,,50.0,50.0,2,0
676,f000950527a6feb6fec1f2bfd6049c332a36f81959e74960,6.0,,,6.0,2,0
677,f000950527a6feb6af7ced8f842346dbef66c04d80672fe0,,3.0,,3.0,2,0
678,f000950527a6feb6bf3946fd8af6c457a89202c176f1359d,,,33.0,33.0,2,0
679,f000950527a6feb67617c3dd032ee452bdf06c248c46bdb8,8.0,,,8.0,2,0
680,82750f1b9d122350cf2124188de7925de2ea92d0e7ad2327,,,70.0,70.0,2,0
681,59b38c56de38368340b3d772f07fa8101ed6dbaafa7d109d,,1.0,,1.0,2,0
682,f000950527a6feb6d4bbacdd1e86ae3919553a0e0e954ee8,3.0,11.0,80.0,94.0,0,0
683,82750f1b9d1223503a31693e47a1c99a24174ba3ec0c2866,,414.0,,414.0,2,0
684,47645761dc56bb8c48931118ffc1c4fb89300cfcc6316602,,4.0,,4.0,2,0
685,f000950527a6feb6d728fc5a5497e970dc9cfc15fe1af8b0,,2.0,,2.0,2,0
686,d8071a739aa75a3b7e25f49fee213b3b3761136870c581b6,,4.0,17.0,21.0,1,0
687,e9f7b28ec10e0470e5224e4d38c8c4f194b3a6d94739a8d7,,1.0,,1.0,2,0
688,216bd2aaf4d07924ad58a31ae0944fc76b02630abe8aab9f,,3.0,,3.0,2,0
689,82750f1b9d1223503ed031bc9327023d4d07d3c1cf640875,,,50.0,50.0,2,0
690,f000950527a6feb6783eb6951a62199778a5ee724674b10f,133.0,3.0,353.0,489.0,0,0
691,216bd2aaf4d07924d79afc9bf360ddacc44c20a64e7eb5ec,,7.0,,7.0,2,0
692,e9f7b28ec10e0470daffde3abcf66d6d049480acaaed4dea,3.0,1.0,,4.0,1,1
693,f000950527a6feb6f90fae4f057db9ac7c993c8f817ee8f8,,7.0,,7.0,2,0
694,82750f1b9d122350414c9f79f864e3fa34adc88b9d736a4a,,,53.0,53.0,2,0
695,f000950527a6feb6e6f129195b7b1af8ff30c0d491419cac,22.0,,,22.0,2,1
696,f000950527a6feb62dae339041ea50997857081da52cdcfb,,2.0,,2.0,2,1
697,d8071a739aa75a3babb6030bddf0af997d1baea239f1972b,,5.0,,5.0,2,0
698,216bd2aaf4d079249d3be24ca2b242134f371b3a522d3fa8,,103.0,,103.0,2,0
699,47645761dc56bb8c6cb20619ae9ed2b5cb34093be879a0be,17.0,,,17.0,2,0
700,f000950527a6feb6d01e7e617c6ad30c1dcc2fbe160ef05c,10.0,,,10.0,2,0
701,e9f7b28ec10e04705b88ccdb650ab9435602abd954e7f1b8,,3.0,,3.0,2,0
702,d8071a739aa75a3badaa59125e75e903f7d8239a1f022452,8.0,,,8.0,2,1
703,f000950527a6feb6a74ada041f57ad768ee1700a8c7f8ed0,,2.0,,2.0,2,0
704,d8071a739aa75a3ba654c899477bf0cb8b15ab6d4fd99c9b,,7.0,,7.0,2,0
705,f000950527a6feb61cf562bce5bfe52e987479b90f4c5b1c,,2.0,,2.0,2,0
706,e9f7b28ec10e04708255e0fd2aff0fbc1623255dad4cd4bc,,4.0,,4.0,2,0
707,216bd2aaf4d079245e2f36c276b030ce7b3b7d1598218d55,,2.0,,2.0,2,0
708,d8071a739aa75a3bcb9a4878191a470603be178f2a61e455,2.0,,,2.0,2,0
709,47645761dc56bb8c37babfeaa18607066516f8c5fe52f646,,2.0,,2.0,2,0
710,f000950527a6feb6457caf038aecb22a5e0ba88deeabe708,,6.0,,6.0,2,0
711,f000950527a6feb6bf0c013da02b85abf97c28e97cdd3853,10.0,,,10.0,2,1
712,f000950527a6feb67776a1d3ce7c444eac87aff752a0164f,10.0,,,10.0,2,0
713,e9f7b28ec10e047099393b2ea44b78272add5610cac91ed5,1.0,2.0,,3.0,1,0
714,f000950527a6feb6874dd8fef3839d0aa0e859c60f9ec609,,12.0,,12.0,2,0
715,f000950527a6feb6e3a3d46c675b5b46605b064c6f2afa9b,,,12.0,12.0,2,0
716,216bd2aaf4d0792490a1227fe323828b21a8283fda15b161,,3.0,,3.0,2,0
717,f000950527a6feb6cba5a3b29494094e51c0561a508d2fa7,,2.0,,2.0,2,0
718,d8071a739aa75a3b09eb94113d0c73e26a577072e171dce7,,2.0,,2.0,2,0
719,d8071a739aa75a3b411e2291cfd74024a1c6753b3a758d52,,1.0,,1.0,2,0
720,216bd2aaf4d07924ce2d5f9a29c96491acfc6b9caa4846ad,,131.0,,131.0,2,0
721,f000950527a6feb6a6ac7e713f01383ee46714f6bcd0caf0,9.0,,,9.0,2,1
722,f000950527a6feb63c4eb2ac3b437e728d4c7f29a572e787,,,13.0,13.0,2,0
723,216bd2aaf4d0792437ee314df7e93882ba3d07cdcc3e249b,,1.0,,1.0,2,0
724,f000950527a6feb6e61904f665cd48f77670b4d364832eb6,2.0,,,2.0,2,1
725,ff2c78b9022767a53da2e5a811e4aa9583e32efc9899f9f3,,,7.0,7.0,2,0
726,d8071a739aa75a3b4e9d89f730160d24970ccc2a5884b151,,3.0,,3.0,2,0
727,f000950527a6feb68031c4b3f9abd3da676c9f696300569c,1.0,,,1.0,2,0
728,f000950527a6feb62d89bdef1977eebcb00079f29f284920,,2.0,,2.0,2,0
729,59b38c56de383683c5c7ec0f76594a1eb28f9d53de63a97a,,1.0,,1.0,2,0
730,f000950527a6feb6db30ac04bd2b70501717f8a1b3c4bd6f,1.0,,,1.0,2,1
731,f000950527a6feb6c7896ee0c41a89d41fdcdabe4e1c698b,,2.0,,2.0,2,0
732,f000950527a6feb693649e229de4dc15ccc8f222a6b7dc21,,6.0,,6.0,2,0
733,47e3664e12f3ce74467b9ef2e59ed7fa01a3ce59d955af31,2.0,,,2.0,2,1
734,f000950527a6feb6c7c39465dbab3810a81f6b5bb73c463b,,2.0,,2.0,2,0
735,f000950527a6feb67a7a5d6a86dc781e049f37d90dae325a,,,25.0,25.0,2,0
736,d8071a739aa75a3bb1a0cc971d33d6af13249aaad6b5ef80,,6.0,,6.0,2,0
737,d8071a739aa75a3ba0c3dfff147d6b7203806a86cbbb00a1,,1.0,,1.0,2,0
738,216bd2aaf4d07924b1a232257b7a8c68e0b6314c09f428eb,,,6.0,6.0,2,0
739,f000950527a6feb65d7b78c07d7abe9a7dad88e9a4e29bf0,,2.0,,2.0,2,0
740,175ebe5f059ec050afbd65251ecdd3b512bfbe5e62d041b0,5.0,5.0,,10.0,1,0
741,82750f1b9d12235010274a5c3e69e573ce758a46b2fa1573,,6.0,,6.0,2,0
742,82750f1b9d1223508bf8aa3a0b21cf69df6d17676e00a183,,268.0,,268.0,2,0
743,c23457c354569227b50252c53ec4af6ee60f4692c031bbd5,3.0,1.0,18.0,22.0,0,0
744,59b38c56de3836834a5deb6e964ae3a6b345e9e53e5e7a40,,3.0,,3.0,2,0
745,f000950527a6feb61cceb40969e60a918516fea8f5e48e6d,,2.0,,2.0,2,0
746,f000950527a6feb64bbea252237f7a0c2108e4090115ece2,57.0,,,57.0,2,1
747,f000950527a6feb6619f7ea3bdf1bf1ae37dafdeb25699dc,,16.0,,16.0,2,0
748,f000950527a6feb6121bb2215d65389a75de3a842c361f7d,21.0,,,21.0,2,0
749,47e3664e12f3ce74b627fc14cc4a58375ef279d43fc12479,,2.0,,2.0,2,0
750,216bd2aaf4d0792472bc0051dfcd914d931e5a103fe0748e,,,1.0,1.0,2,0
751,d8071a739aa75a3b2e1d6c07ca9b9f8f7678fb900b8bb0f7,,,20.0,20.0,2,0
752,f000950527a6feb6fd6386ec2c8f25fd0582316a9ffa440b,,3.0,,3.0,2,0
753,f000950527a6feb6693f93db5ef79f929ad8820bede28d0b,,1.0,,1.0,2,1
754,d8071a739aa75a3bfa1055075a21301cad648579a211ffe4,,1.0,,1.0,2,0
755,f000950527a6feb645239be8b78a466445578ec5d4bc6663,22.0,,,22.0,2,1
756,d8071a739aa75a3b4583cab5aea6c59248ae651d70fb9f23,6.0,44.0,152.0,202.0,0,0
757,f000950527a6feb6476d0b05b46436daae409b3c0481151c,,1.0,,1.0,2,0
758,47e3664e12f3ce74988e0f682dcf0209f68fa47151925bf1,6.0,,,6.0,2,0
759,d8071a739aa75a3b443139869528426777cd990b2820afa1,,19.0,,19.0,2,0
760,d8071a739aa75a3b04c9a1789bd657ef83e10c02b1a9fef5,336.0,4.0,,340.0,1,0
761,f000950527a6feb68347865d59f94aa1cb9ba5644c816017,,5.0,,5.0,2,0
762,216bd2aaf4d079247e3132b05816987d6c12783cde60ba55,,4.0,,4.0,2,0
763,216bd2aaf4d07924cba5122edce2653e2a83dbdb5e26037b,,2.0,,2.0,2,0
764,e9f7b28ec10e0470973921f1f51925340bdf479aa97dca30,1.0,,,1.0,2,0
765,47e3664e12f3ce74926f35e02971dd2c38369ee2eb8ece87,,5.0,,5.0,2,0
766,82750f1b9d1223503d3326ba4fdfcead57a4dde40873c654,2.0,1.0,,3.0,1,0
767,47645761dc56bb8c37cb25700e7e1c4acdb3e6eacbc4b69c,,4.0,,4.0,2,1
768,e9f7b28ec10e047034c3a329b49532304222815a24265e11,2.0,,,2.0,2,0
769,e9f7b28ec10e047093c52b78d4b402c0a6bd7d72e4c0bfac,,,2.0,2.0,2,0
770,f000950527a6feb6df75f41679b72c529c79c4b5ecf8d49c,1.0,,,1.0,2,0
771,59b38c56de383683bcb37866efd1a41578c715e0ef10ff7b,,,1.0,1.0,2,0
772,e9f7b28ec10e0470ee9246d536e53c32b2d5a56903016d83,9.0,5.0,24.0,38.0,0,1
773,f000950527a6feb6f18ec4e08e15d8229b464af40b93972c,1.0,,,1.0,2,0
774,82750f1b9d122350fe5593446eac1d34b23ec5c53296cecd,65.0,29.0,,94.0,1,1
775,f000950527a6feb6b6b31b4e69e24a2476f55f1ad2f118c4,,1.0,,1.0,2,0
776,47e3664e12f3ce74e4a1699f3489161e9e689b4eb4cefee3,2.0,,,2.0,2,0
777,f000950527a6feb6ed07d6847be1d9827030518a4124c756,,,55.0,55.0,2,0
778,f000950527a6feb614da46b167e366f9487479db94abf95e,,9.0,,9.0,2,0
779,216bd2aaf4d07924c46e9b3d8e7a7a15496d8389d7141e9b,,1.0,,1.0,2,0
780,f000950527a6feb6d4c16d6a357cd6279db116cb304fb685,3.0,11.0,66.0,80.0,0,0
781,216bd2aaf4d07924ab800a5485076a680b3ca1f6a7d50631,,3.0,,3.0,2,0
782,f000950527a6feb605a2ba5263f7af2f73d7e920200a2fd2,,,2.0,2.0,2,0
783,82750f1b9d1223500cf90f7f0011a6d5b5a2f5c2f70b7b4d,6.0,,,6.0,2,0
784,f000950527a6feb609f5138140390f9ef50f52674b318ebf,6.0,,,6.0,2,0
785,f000950527a6feb698f1bc5ba560e91fd015cb385b85af8b,2.0,,,2.0,2,1
786,f000950527a6feb675806ec9de8e4bd6d7550ce897d33e5b,,11.0,,11.0,2,0
787,d8071a739aa75a3b07dc24c023675e5cc115f7c853107c37,,93.0,,93.0,2,0
788,d8071a739aa75a3bc7056964c4b5079a6c7f25535b2eb249,,3.0,,3.0,2,0
789,f000950527a6feb6375809f26c0e7fa103f56259da2e53ac,,,11.0,11.0,2,1
790,82750f1b9d12235064eb51d258f14a66fb9feee5f137465d,2.0,,,2.0,2,0
791,f000950527a6feb63adfb2f927b3bfeb20ff0b559ed75a13,,,11.0,11.0,2,0
792,216bd2aaf4d07924a56515df2f16486cd9dc7165b861a006,,1.0,,1.0,2,0
793,f000950527a6feb6105f0123272dd21c47fcb31083cae68b,10.0,,,10.0,2,0
794,f000950527a6feb6b6bda1ef014568d9d33fe16734e2fe33,,1.0,,1.0,2,0
795,47645761dc56bb8c4c1ae163a92276eb1612e64138eb8543,1.0,,,1.0,2,1
796,e9f7b28ec10e04703952954944c165e839b64ae314bde3cb,,,1.0,1.0,2,0
797,47e3664e12f3ce746fcfc68549dd9fee80a0055fec76dbd0,20.0,,,20.0,2,0
798,216bd2aaf4d07924967fa5be025f13cdb4229b6704d11b79,,,3.0,3.0,2,0
799,f000950527a6feb68c132d299f4829b0125a65823785c26f,,5.0,,5.0,2,0
800,47e3664e12f3ce74f26ed700236159761ea639d2cd027981,12.0,,,12.0,2,1
801,d8071a739aa75a3b60671bbd727a3d16592539f6cfb9bbba,,441.0,,441.0,2,0
802,f000950527a6feb63702b1f6c1dabe5ea196d320bbbff425,27.0,68.0,77.0,172.0,0,0
803,59b38c56de3836832041eacf1f0d9d699984698464a62956,,3.0,,3.0,2,0
804,f000950527a6feb6df6f4d2da2582acb40394b1bc174f8b0,3.0,,,3.0,2,0
805,59b38c56de3836838e4f8e0b85e5522f621ccdd216fc725e,,1.0,,1.0,2,0
806,47645761dc56bb8c3e6c783df92179d3b0798e5cb55ff9cd,,1.0,,1.0,2,0
807,216bd2aaf4d07924d210af7141a3133e33501715ea980d53,,128.0,,128.0,2,0
808,516ab81418ed215d3921057da94a5674927133daea62cbc2,1.0,,,1.0,2,0
809,e9f7b28ec10e0470c991bbb86ac85a86436591e1248b86a9,1.0,,,1.0,2,0
810,e9f7b28ec10e04707e2702472eb15435c33acaf7865e67b6,,3.0,,3.0,2,0
811,f000950527a6feb6f807ddd76b083f2e0b127d2e6f59815e,,,66.0,66.0,2,0
812,f000950527a6feb6cfdea53b11c252d5fba830acfc44f71a,,2.0,,2.0,2,0
813,e9f7b28ec10e0470db0ed58dd3a09dccdc8d6dd6f4476b74,1.0,,,1.0,2,1
814,d8071a739aa75a3b9e91ad5e96440f69995a30f26a24961a,,1.0,,1.0,2,0
815,f000950527a6feb6928cfec72b7a82420e4a12b48168f918,1.0,,,1.0,2,0
816,d8071a739aa75a3b2ddff65c219457f28b43a6379e2d19f1,,,2.0,2.0,2,0
817,47645761dc56bb8c85cc35fddd52574ab1cde0999e9acf53,4.0,,,4.0,2,0
818,d8071a739aa75a3b02ebd78c45c99768372ef9249151808e,,,2.0,2.0,2,0
819,d8071a739aa75a3b229b9df2233d9dcd825fde7dd8f0cf98,,11.0,,11.0,2,0
820,f000950527a6feb63d18f14408007099f4647ac53e347f1c,,2.0,,2.0,2,0
821,47e3664e12f3ce743287a322af07c5ba838b0b368ea1ffe7,,,3.0,3.0,2,0
822,47e3664e12f3ce74f6c39eda5dffa2cb9e9bdcccbe13c458,,9.0,108.0,117.0,1,0
823,f000950527a6feb6b8f8d56735dd1894d9cc11ad5555f0a3,1.0,,,1.0,2,0
824,f000950527a6feb62af104b2afdd8beccbe2fa7fa7a870c3,1.0,45.0,,46.0,1,0
825,59b38c56de383683b8aba4bfda2eb00a13c70ccfc3e8fbe6,,1.0,,1.0,2,0
826,f000950527a6feb6ecf8c50aa9c5acda9dd57e3057023585,,10.0,,10.0,2,0
827,f000950527a6feb66d3e3b7bb42ff3a8eb3ac2de1b550004,,7.0,,7.0,2,1
828,f000950527a6feb63cf94ee2b3f7c675b4076d51f6b26007,,45.0,8.0,53.0,1,0
829,e9f7b28ec10e0470a4248839680bcbf6b3ac9e131a002463,3.0,,,3.0,2,0
830,f000950527a6feb6f5102b23f47e2484facb4c87674a2b35,,,19.0,19.0,2,0
831,d8071a739aa75a3b0acfd71d096b3f83d8507eb58c135df4,,10.0,,10.0,2,0
832,f000950527a6feb6cdd5531380a7fe7462572bbb013be049,,1.0,,1.0,2,0
833,f000950527a6feb6e1b7055efe766114b89052845a303697,,1.0,,1.0,2,0
834,216bd2aaf4d07924a551791e2042c7e0e6d8ed017e4ee266,,2.0,,2.0,2,0
835,516ab81418ed215d42314ec1f41cc8b526164b4bdf67a382,,1.0,,1.0,2,0
